<application>
  <component name="FindSettings">
    <option name="customScope" value="Solution" />
    <option name="defaultScopeName" value="Solution" />
    <option name="localCaseSensitive" value="true" />
    <option name="showResultsInSeparateView" value="true" />
    <option name="LOCAL_CASE_SENSITIVE_SEARCH" value="true" />
    <option name="SHOW_RESULTS_IN_SEPARATE_VIEW" value="true" />
    <option name="SEARCH_SCOPE" value="Solution" />
    <option name="FILE_MASK" value="*.cs" />
    <mask>*.cs,*.lua</mask>
    <mask>*.cs,*.lua,*.shader</mask>
    <mask>*.lua</mask>
    <mask>*.cs,*.lua,*.shader,*.md</mask>
    <mask>*.*</mask>
    <mask>*.cs</mask>
  </component>
</application>